{
	"system" : {
		"platform" : "windows64",
		"os_name" : "Windows 10",
		"os_version" : "10.0"
	},
	"error" : {
		"executable" : "quartus",
		"comment" : "not_applicable",
		"error_message" : "Access Violation at 0X00000000565FC046",
		"source_file" : "unknown",
		"line" : "0",
		"stack_trace" : "\t 0x565fc045: QtGui4 + 0x5c045 (??1QWidget@@UEAA@XZ + 0x4a5)\n\t 0x565fc645: QtGui4 + 0x5c645 (??1QWidgetPrivate@@UEAA@XZ + 0x1c5)\n\t 0x563ce472: QtCore4 + 0x11e472 (?deleteChildren@QObjectPrivate@@QEAAXXZ + 0xa2)\n\t 0x565fc347: QtGui4 + 0x5c347 (??1QWidget@@UEAA@XZ + 0x7a7)\n\t0x7ffd3da2e34b: SYS_QUI + 0x3e34b (??_EQUI_MDI_SUB_WND@@UEAAPEAXI@Z + 0x6b)\n\t 0x563cf9b4: QtCore4 + 0x11f9b4 (?event@QObject@@UEAA_NPEAVQEvent@@@Z + 0xa4)\n\t 0x56601402: QtGui4 + 0x61402 (?event@QWidget@@MEAA_NPEAVQEvent@@@Z + 0xd42)\n\t 0x565c2e95: QtGui4 + 0x22e95 (?notify_helper@QApplicationPrivate@@QEAA_NPEAVQObject@@PEAVQEvent@@@Z + 0xf5)\n\t 0x565c2b2f: QtGui4 + 0x22b2f (?notify@QApplication@@UEAA_NPEAVQObject@@PEAVQEvent@@@Z + 0x17bf)\n\t 0x563bd92b: QtCore4 + 0x10d92b (?notifyInternal@QCoreApplication@@AEAA_NPEAVQObject@@PEAVQEvent@@@Z + 0x7b)\n\t 0x563bf502: QtCore4 + 0x10f502 (?sendPostedEvents@QCoreApplicationPrivate@@SAXPEAVQObject@@HPEAVQThreadData@@@Z + 0x2b2)\n\t 0x562d8368: QtCore4 + 0x28368 (?currentThreadId@QThread@@SAPEAXXZ + 0x1a8)\n\t 0x562d9680: QtCore4 + 0x29680 (?terminate@QThread@@QEAAXXZ + 0xa0)\n\t0x7ffce36f8ea0: sld_redq + 0x8ea0 (??1REDQ_NODE_WIDGET@@UEAA@XZ + 0xb0)\n\t0x7ffce36f9f03: sld_redq + 0x9f03 (??_EREDQ_NODE_WIDGET@@UEAAPEAXI@Z + 0x13)\n\t0x7ffce36f8d5e: sld_redq + 0x8d5e (??1REDQ_DEVICE_WIDGET@@UEAA@XZ + 0xbe)\n\t0x7ffce36f9c33: sld_redq + 0x9c33 (??_EREDQ_DEVICE_WIDGET@@UEAAPEAXI@Z + 0x13)\n\t0x7ffce36f908e: sld_redq + 0x908e (??1REDQ_WIDGET@@UEAA@XZ + 0x3e)\n\t0x7ffce36fa113: sld_redq + 0xa113 (??_EREDQ_WIDGET@@UEAAPEAXI@Z + 0x13)\n\t 0x563ce472: QtCore4 + 0x11e472 (?deleteChildren@QObjectPrivate@@QEAAXXZ + 0xa2)\n\t 0x565fc347: QtGui4 + 0x5c347 (??1QWidget@@UEAA@XZ + 0x7a7)\n\t0x7ffce36f9a34: sld_redq + 0x9a34 (??_EQSplitter@@UEAAPEAXI@Z + 0x14)\n\t 0x563ce472: QtCore4 + 0x11e472 (?deleteChildren@QObjectPrivate@@QEAAXXZ + 0xa2)\n\t 0x565fc347: QtGui4 + 0x5c347 (??1QWidget@@UEAA@XZ + 0x7a7)\n\t0x7ffce36f9ec7: sld_redq + 0x9ec7 (??_EREDQ_LAYOUT_WIDGET@@UEAAPEAXI@Z + 0x37)\n\t 0x563ce472: QtCore4 + 0x11e472 (?deleteChildren@QObjectPrivate@@QEAAXXZ + 0xa2)\n\t 0x565fc347: QtGui4 + 0x5c347 (??1QWidget@@UEAA@XZ + 0x7a7)\n\t0x7ffce36f9c87: sld_redq + 0x9c87 (??_EREDQ_FRAME_WND@@UEAAPEAXI@Z + 0x37)\n\t 0x563cf9b4: QtCore4 + 0x11f9b4 (?event@QObject@@UEAA_NPEAVQEvent@@@Z + 0xa4)\n\t 0x56601402: QtGui4 + 0x61402 (?event@QWidget@@MEAA_NPEAVQEvent@@@Z + 0xd42)\n\t 0x56939d30: QtGui4 + 0x399d30 (?event@QMainWindow@@MEAA_NPEAVQEvent@@@Z + 0x280)\n\t 0x565c2e95: QtGui4 + 0x22e95 (?notify_helper@QApplicationPrivate@@QEAA_NPEAVQObject@@PEAVQEvent@@@Z + 0xf5)\n\t 0x565c2b2f: QtGui4 + 0x22b2f (?notify@QApplication@@UEAA_NPEAVQObject@@PEAVQEvent@@@Z + 0x17bf)\n\t 0x563bd92b: QtCore4 + 0x10d92b (?notifyInternal@QCoreApplication@@AEAA_NPEAVQObject@@PEAVQEvent@@@Z + 0x7b)\n\t 0x563bf502: QtCore4 + 0x10f502 (?sendPostedEvents@QCoreApplicationPrivate@@SAXPEAVQObject@@HPEAVQThreadData@@@Z + 0x2b2)\n\t 0x563e2fb8: QtCore4 + 0x132fb8 (?processEvents@QEventDispatcherWin32@@UEAA_NV?$QFlags@W4ProcessEventsFlag@QEventLoop@@@@@Z + 0xb98)\n\t0x7ffd59268230: USER32 + 0x18230 (DispatchMessageW + 0x740)\n\t0x7ffd59267cf0: USER32 + 0x17cf0 (DispatchMessageW + 0x200)\n\t 0x563e2802: QtCore4 + 0x132802 (?processEvents@QEventDispatcherWin32@@UEAA_NV?$QFlags@W4ProcessEventsFlag@QEventLoop@@@@@Z + 0x3e2)\n\t 0x56620eb4: QtGui4 + 0x80eb4 (?openPopup@QApplicationPrivate@@QEAAXPEAVQWidget@@@Z + 0x204)\n\t 0x563ba88b: QtCore4 + 0x10a88b (?exec@QEventLoop@@QEAAHV?$QFlags@W4ProcessEventsFlag@QEventLoop@@@@@Z + 0x22b)\n\t 0x563bce6f: QtCore4 + 0x10ce6f (?exec@QCoreApplication@@SAHXZ + 0xdf)\n\t0x7ff7e13a197b: quartus + 0x197b (?qgq_main@@YAHHPEAPEBD@Z + 0x7b)\n\t0x7ffd3dbc3328: CCL_MSG + 0x13328 (?msg_main_thread@@YAPEAXPEAX@Z + 0x18)\n\t0x7ffd3dbc4b0e: CCL_MSG + 0x14b0e (?msg_thread_wrapper@@YAPEAXP6APEAXPEAX@Z0@Z + 0x6e)\n\t0x7ffd51675b00: ccl_mem + 0x15b00 (?mem_thread_wrapper@@YAPEAXP6APEAXPEAX@Z0@Z + 0x70)\n\t0x7ffd3dbc2a11: CCL_MSG + 0x12a11 (?msg_exe_main@@YAHHPEAPEBDP6AHH0@Z@Z + 0xa1)\n\t0x7ff7e13a24e7: quartus + 0x24e7 (WinMain + 0x127)\n\t0x7ff7e13a1e58: quartus + 0x1e58 (__tmainCRTStartup + 0x148)\n\t0x7ffd583326ac: KERNEL32 + 0x126ac (BaseThreadInitThunk + 0x1c)\n\t0x7ffd595ca9f7: ntdll + 0x5a9f7 (RtlUserThreadStart + 0x27)\n",
		"subsystem" : "unknown"
	},
	"quartus" : {
		"quartus_bits" : "64",
		"version" : "16.1.2",
		"build" : "203",
		"edition" : "Lite Edition"
	}
}